customer_id,first_name,last_name,gender,age,signup_date,loyalty_tier,city,state,country
240891,Name891,User,Female,40,2025-09-16,Silver,Bengaluru,Karnataka,India
696853,Name853,User,Female,29,2025-05-10,Silver,Hyderabad,Telangana,India
988598,Name598,User,Female,63,2024-08-15,Bronze,Chennai,Tamil Nadu,India
941235,Name235,User,Male,60,2024-02-01,Gold,Chennai,Tamil Nadu,India
900875,Name875,User,Female,38,2025-03-18,Gold,Chennai,Tamil Nadu,India
166172,Name172,User,Female,30,2024-03-15,Silver,Delhi,Delhi,India
367459,Name459,User,Female,55,2024-05-31,Silver,Delhi,Delhi,India
223646,Name646,User,Female,51,2024-06-15,Bronze,Bengaluru,Karnataka,India
619501,Name501,User,Female,41,2024-11-13,Silver,Delhi,Delhi,India
897926,Name926,User,Male,63,2024-07-30,Silver,Delhi,Delhi,India
571325,Name325,User,Male,24,2024-08-21,Bronze,Bengaluru,Karnataka,India
595185,Name185,User,Male,29,2024-02-16,Bronze,Hyderabad,Telangana,India
783244,Name244,User,Male,66,2024-08-09,Silver,Chennai,Tamil Nadu,India
498055,Name055,User,Female,39,2025-11-09,Gold,Hyderabad,Telangana,India
927036,Name036,User,Male,24,2024-08-15,Bronze,Mumbai,Maharashtra,India
320153,Name153,User,Female,42,2024-06-21,Platinum,Hyderabad,Telangana,India
198418,Name418,User,Female,47,2025-07-14,Silver,Delhi,Delhi,India
611554,Name554,User,Female,63,2024-09-21,Bronze,Delhi,Delhi,India
129724,Name724,User,Male,31,2024-03-21,Bronze,Chennai,Tamil Nadu,India
976363,Name363,User,Female,38,2025-01-27,Gold,Mumbai,Maharashtra,India
508744,Name744,User,Male,43,2024-06-12,Gold,Bengaluru,Karnataka,India
553789,Name789,User,Male,18,2025-01-31,Bronze,Delhi,Delhi,India
736944,Name944,User,Male,54,2025-01-23,Bronze,Chennai,Tamil Nadu,India
899308,Name308,User,Female,59,2024-11-06,Gold,Mumbai,Maharashtra,India
904423,Name423,User,Male,51,2024-05-12,Bronze,Mumbai,Maharashtra,India
102208,Name208,User,Male,45,2024-04-03,Bronze,Bengaluru,Karnataka,India
829633,Name633,User,Male,65,2024-10-12,Silver,Hyderabad,Telangana,India
567022,Name022,User,Female,42,2024-12-03,Silver,Delhi,Delhi,India
379267,Name267,User,Male,33,2024-03-02,Silver,Bengaluru,Karnataka,India
856589,Name589,User,Male,40,2025-03-14,Silver,Chennai,Tamil Nadu,India
940775,Name775,User,Male,40,2025-07-14,Bronze,Chennai,Tamil Nadu,India
339874,Name874,User,Female,60,2024-03-12,Silver,Delhi,Delhi,India
719869,Name869,User,Male,34,2024-06-30,Platinum,Chennai,Tamil Nadu,India
207192,Name192,User,Male,31,2025-03-14,Gold,Delhi,Delhi,India
432849,Name849,User,Male,70,2025-06-09,Bronze,Mumbai,Maharashtra,India
132075,Name075,User,Male,38,2024-02-11,Bronze,Bengaluru,Karnataka,India
123406,Name406,User,Female,60,2024-05-11,Gold,Mumbai,Maharashtra,India
126681,Name681,User,Male,65,2025-06-21,Bronze,Hyderabad,Telangana,India
781098,Name098,User,Female,23,2024-11-05,Bronze,Bengaluru,Karnataka,India
667712,Name712,User,Male,64,2024-09-24,Bronze,Hyderabad,Telangana,India
109652,Name652,User,Female,68,2025-01-24,Gold,Delhi,Delhi,India
499721,Name721,User,Male,45,2024-09-08,Silver,Bengaluru,Karnataka,India
819830,Name830,User,Female,39,2025-06-05,Silver,Delhi,Delhi,India
327120,Name120,User,Female,24,2024-05-12,Silver,Chennai,Tamil Nadu,India
542621,Name621,User,Male,36,2024-06-09,Bronze,Hyderabad,Telangana,India
861111,Name111,User,Female,24,2025-02-23,Bronze,Hyderabad,Telangana,India
130451,Name451,User,Male,20,2024-11-03,Gold,Chennai,Tamil Nadu,India
653259,Name259,User,Female,44,2024-11-01,Bronze,Chennai,Tamil Nadu,India
332460,Name460,User,Female,65,2025-06-16,Silver,Bengaluru,Karnataka,India
900798,Name798,User,Male,27,2024-11-20,Gold,Chennai,Tamil Nadu,India
559158,Name158,User,Female,54,2024-03-11,Bronze,Bengaluru,Karnataka,India
619896,Name896,User,Female,47,2025-01-07,Gold,Bengaluru,Karnataka,India
679715,Name715,User,Male,55,2024-02-27,Bronze,Hyderabad,Telangana,India
344406,Name406,User,Female,54,2024-09-14,Silver,Chennai,Tamil Nadu,India
462493,Name493,User,Female,41,2025-10-20,Bronze,Chennai,Tamil Nadu,India
342081,Name081,User,Female,56,2024-12-14,Silver,Bengaluru,Karnataka,India
809727,Name727,User,Male,27,2024-09-13,Silver,Delhi,Delhi,India
329408,Name408,User,Male,25,2024-07-08,Silver,Chennai,Tamil Nadu,India
897911,Name911,User,Male,69,2024-04-11,Platinum,Chennai,Tamil Nadu,India
581929,Name929,User,Male,31,2024-09-24,Bronze,Bengaluru,Karnataka,India
403858,Name858,User,Male,22,2024-08-10,Silver,Chennai,Tamil Nadu,India
122533,Name533,User,Female,19,2025-08-27,Bronze,Delhi,Delhi,India
536396,Name396,User,Female,32,2024-07-24,Silver,Hyderabad,Telangana,India
978264,Name264,User,Female,46,2025-11-22,Bronze,Delhi,Delhi,India
683484,Name484,User,Female,64,2024-03-15,Gold,Delhi,Delhi,India
773494,Name494,User,Female,30,2024-01-09,Silver,Bengaluru,Karnataka,India
204857,Name857,User,Female,22,2025-02-17,Silver,Hyderabad,Telangana,India
294936,Name936,User,Female,20,2024-12-26,Gold,Chennai,Tamil Nadu,India
759924,Name924,User,Male,30,2024-11-02,Silver,Hyderabad,Telangana,India
858790,Name790,User,Male,70,2024-11-05,Silver,Mumbai,Maharashtra,India
410787,Name787,User,Female,51,2025-02-25,Silver,Bengaluru,Karnataka,India
226762,Name762,User,Female,56,2025-10-07,Silver,Chennai,Tamil Nadu,India
879245,Name245,User,Female,26,2025-06-02,Bronze,Hyderabad,Telangana,India
448856,Name856,User,Male,34,2025-10-13,Bronze,Delhi,Delhi,India
856531,Name531,User,Male,41,2025-03-06,Bronze,Hyderabad,Telangana,India
845738,Name738,User,Male,23,2024-01-05,Bronze,Mumbai,Maharashtra,India
625126,Name126,User,Female,68,2025-01-16,Silver,Hyderabad,Telangana,India
542611,Name611,User,Female,42,2025-04-12,Gold,Hyderabad,Telangana,India
632380,Name380,User,Female,27,2025-03-01,Bronze,Hyderabad,Telangana,India
970355,Name355,User,Female,41,2024-05-10,Silver,Delhi,Delhi,India
802866,Name866,User,Female,34,2025-06-10,Bronze,Bengaluru,Karnataka,India
299071,Name071,User,Female,45,2024-12-09,Silver,Hyderabad,Telangana,India
418104,Name104,User,Male,63,2025-05-18,Gold,Hyderabad,Telangana,India
397962,Name962,User,Female,23,2024-03-06,Bronze,Hyderabad,Telangana,India
716122,Name122,User,Male,64,2024-01-27,Bronze,Delhi,Delhi,India
623619,Name619,User,Female,67,2024-04-11,Bronze,Delhi,Delhi,India
987302,Name302,User,Male,23,2025-03-13,Silver,Delhi,Delhi,India
629828,Name828,User,Male,52,2025-03-08,Bronze,Mumbai,Maharashtra,India
512461,Name461,User,Female,60,2024-05-01,Platinum,Mumbai,Maharashtra,India
717613,Name613,User,Male,48,2025-12-22,Gold,Bengaluru,Karnataka,India
994737,Name737,User,Male,42,2024-05-06,Silver,Delhi,Delhi,India
136202,Name202,User,Female,43,2024-04-28,Silver,Bengaluru,Karnataka,India
603554,Name554,User,Male,27,2025-01-30,Silver,Hyderabad,Telangana,India
354531,Name531,User,Male,51,2024-09-20,Bronze,Delhi,Delhi,India
879858,Name858,User,Female,49,2025-10-10,Gold,Chennai,Tamil Nadu,India
936138,Name138,User,Male,68,2025-09-30,Bronze,Chennai,Tamil Nadu,India
523926,Name926,User,Male,18,2025-11-04,Bronze,Hyderabad,Telangana,India
534439,Name439,User,Male,52,2025-10-02,Bronze,Bengaluru,Karnataka,India
797034,Name034,User,Male,50,2024-10-08,Bronze,Mumbai,Maharashtra,India
281411,Name411,User,Female,27,2024-05-13,Bronze,Delhi,Delhi,India
484957,Name957,User,Male,52,2025-09-15,Silver,Hyderabad,Telangana,India
675457,Name457,User,Female,35,2025-05-06,Silver,Hyderabad,Telangana,India
837191,Name191,User,Female,31,2025-05-25,Bronze,Bengaluru,Karnataka,India
913524,Name524,User,Male,39,2024-06-29,Silver,Hyderabad,Telangana,India
807249,Name249,User,Female,52,2024-06-02,Bronze,Delhi,Delhi,India
874075,Name075,User,Male,59,2024-08-06,Bronze,Bengaluru,Karnataka,India
492904,Name904,User,Female,39,2024-05-01,Bronze,Hyderabad,Telangana,India
190667,Name667,User,Female,32,2024-03-31,Silver,Delhi,Delhi,India
560284,Name284,User,Male,61,2024-04-28,Bronze,Mumbai,Maharashtra,India
796000,Name000,User,Female,45,2024-12-01,Bronze,Delhi,Delhi,India
633123,Name123,User,Female,70,2025-09-22,Bronze,Mumbai,Maharashtra,India
213174,Name174,User,Female,61,2025-10-02,Platinum,Delhi,Delhi,India
916256,Name256,User,Female,56,2025-06-14,Bronze,Bengaluru,Karnataka,India
271650,Name650,User,Female,40,2024-05-22,Bronze,Mumbai,Maharashtra,India
646243,Name243,User,Male,40,2024-03-20,Bronze,Delhi,Delhi,India
980753,Name753,User,Female,38,2024-09-11,Bronze,Mumbai,Maharashtra,India
512357,Name357,User,Female,19,2024-03-21,Bronze,Mumbai,Maharashtra,India
488521,Name521,User,Female,64,2025-10-15,Silver,Hyderabad,Telangana,India
613480,Name480,User,Female,35,2024-01-09,Silver,Mumbai,Maharashtra,India
868360,Name360,User,Male,40,2025-10-18,Silver,Bengaluru,Karnataka,India
131011,Name011,User,Female,43,2024-04-03,Silver,Delhi,Delhi,India
592117,Name117,User,Female,54,2025-03-04,Silver,Chennai,Tamil Nadu,India
145599,Name599,User,Female,32,2025-10-09,Bronze,Hyderabad,Telangana,India
423516,Name516,User,Male,56,2025-06-04,Bronze,Delhi,Delhi,India
837549,Name549,User,Male,45,2024-10-08,Silver,Delhi,Delhi,India
989508,Name508,User,Female,51,2024-09-25,Bronze,Bengaluru,Karnataka,India
744675,Name675,User,Male,65,2025-01-17,Bronze,Hyderabad,Telangana,India
721998,Name998,User,Female,52,2025-07-22,Gold,Chennai,Tamil Nadu,India
706261,Name261,User,Male,57,2024-11-11,Bronze,Chennai,Tamil Nadu,India
512719,Name719,User,Male,22,2025-08-16,Bronze,Delhi,Delhi,India
778592,Name592,User,Female,69,2024-12-09,Bronze,Delhi,Delhi,India
278624,Name624,User,Male,27,2025-01-25,Gold,Bengaluru,Karnataka,India
276783,Name783,User,Male,56,2024-05-28,Bronze,Hyderabad,Telangana,India
626635,Name635,User,Male,52,2024-01-10,Gold,Chennai,Tamil Nadu,India
337961,Name961,User,Female,65,2025-07-29,Gold,Delhi,Delhi,India
112899,Name899,User,Female,19,2025-03-18,Silver,Mumbai,Maharashtra,India
907952,Name952,User,Female,41,2025-02-22,Bronze,Hyderabad,Telangana,India
309208,Name208,User,Male,24,2025-04-27,Silver,Hyderabad,Telangana,India
665829,Name829,User,Male,25,2025-08-24,Bronze,Mumbai,Maharashtra,India
674974,Name974,User,Female,53,2024-10-04,Silver,Chennai,Tamil Nadu,India
343454,Name454,User,Female,69,2025-04-30,Gold,Chennai,Tamil Nadu,India
524101,Name101,User,Male,24,2025-07-29,Platinum,Delhi,Delhi,India
638728,Name728,User,Male,67,2024-02-11,Gold,Delhi,Delhi,India
460527,Name527,User,Female,64,2024-12-20,Bronze,Bengaluru,Karnataka,India
988627,Name627,User,Female,44,2025-01-20,Bronze,Mumbai,Maharashtra,India
705861,Name861,User,Female,69,2025-12-17,Bronze,Bengaluru,Karnataka,India
470434,Name434,User,Male,21,2024-12-15,Silver,Chennai,Tamil Nadu,India
581434,Name434,User,Male,52,2025-10-20,Silver,Chennai,Tamil Nadu,India
382359,Name359,User,Male,55,2024-01-23,Bronze,Bengaluru,Karnataka,India
791236,Name236,User,Female,58,2024-06-27,Bronze,Delhi,Delhi,India
674615,Name615,User,Male,33,2024-12-09,Platinum,Delhi,Delhi,India
738524,Name524,User,Male,68,2025-11-24,Bronze,Bengaluru,Karnataka,India
864831,Name831,User,Female,49,2025-10-29,Silver,Hyderabad,Telangana,India
105986,Name986,User,Female,46,2025-02-12,Silver,Delhi,Delhi,India
502327,Name327,User,Female,35,2024-05-08,Bronze,Chennai,Tamil Nadu,India
921722,Name722,User,Female,24,2024-01-27,Silver,Hyderabad,Telangana,India
998576,Name576,User,Female,67,2025-01-21,Silver,Delhi,Delhi,India
960341,Name341,User,Male,27,2025-06-21,Gold,Bengaluru,Karnataka,India
876474,Name474,User,Male,47,2025-02-10,Gold,Bengaluru,Karnataka,India
637395,Name395,User,Female,18,2025-07-11,Gold,Delhi,Delhi,India
948444,Name444,User,Male,60,2024-07-02,Bronze,Hyderabad,Telangana,India
235527,Name527,User,Male,67,2025-07-03,Gold,Delhi,Delhi,India
643873,Name873,User,Male,42,2025-08-22,Bronze,Delhi,Delhi,India
915160,Name160,User,Female,33,2024-02-11,Gold,Delhi,Delhi,India
688626,Name626,User,Male,33,2025-02-11,Silver,Delhi,Delhi,India
315466,Name466,User,Male,42,2024-04-01,Silver,Mumbai,Maharashtra,India
546788,Name788,User,Male,51,2024-09-01,Silver,Hyderabad,Telangana,India
158849,Name849,User,Female,47,2024-10-11,Silver,Mumbai,Maharashtra,India
604471,Name471,User,Male,53,2025-12-25,Gold,Delhi,Delhi,India
482453,Name453,User,Female,50,2025-03-03,Silver,Chennai,Tamil Nadu,India
697687,Name687,User,Female,69,2024-07-24,Bronze,Hyderabad,Telangana,India
681331,Name331,User,Female,27,2024-09-22,Silver,Bengaluru,Karnataka,India
309546,Name546,User,Male,64,2025-01-04,Bronze,Delhi,Delhi,India
629237,Name237,User,Female,34,2024-09-15,Bronze,Delhi,Delhi,India
533481,Name481,User,Female,18,2024-06-01,Platinum,Bengaluru,Karnataka,India
608480,Name480,User,Male,30,2024-03-13,Gold,Bengaluru,Karnataka,India
952860,Name860,User,Male,52,2025-03-15,Silver,Chennai,Tamil Nadu,India
474121,Name121,User,Male,53,2025-04-16,Bronze,Delhi,Delhi,India
534555,Name555,User,Male,58,2024-03-20,Bronze,Delhi,Delhi,India
462889,Name889,User,Male,65,2025-02-19,Bronze,Mumbai,Maharashtra,India
101661,Name661,User,Male,61,2025-07-05,Silver,Delhi,Delhi,India
664635,Name635,User,Female,26,2024-10-19,Bronze,Delhi,Delhi,India
666345,Name345,User,Female,65,2024-07-01,Bronze,Hyderabad,Telangana,India
753776,Name776,User,Female,49,2025-07-02,Bronze,Delhi,Delhi,India
924646,Name646,User,Female,31,2025-12-23,Bronze,Chennai,Tamil Nadu,India
742202,Name202,User,Male,57,2025-01-16,Silver,Bengaluru,Karnataka,India
447222,Name222,User,Male,21,2024-11-19,Bronze,Bengaluru,Karnataka,India
580401,Name401,User,Male,25,2025-03-21,Silver,Delhi,Delhi,India
728993,Name993,User,Male,50,2025-06-03,Bronze,Delhi,Delhi,India
129333,Name333,User,Female,60,2025-06-13,Bronze,Delhi,Delhi,India
943652,Name652,User,Female,64,2024-01-04,Silver,Chennai,Tamil Nadu,India
340758,Name758,User,Female,60,2025-05-08,Silver,Delhi,Delhi,India
766234,Name234,User,Female,20,2025-10-15,Bronze,Delhi,Delhi,India
285819,Name819,User,Male,44,2024-10-07,Silver,Chennai,Tamil Nadu,India
677509,Name509,User,Female,35,2025-05-20,Bronze,Hyderabad,Telangana,India
712851,Name851,User,Male,53,2024-01-17,Bronze,Delhi,Delhi,India
289565,Name565,User,Female,31,2025-02-07,Gold,Mumbai,Maharashtra,India
196051,Name051,User,Female,33,2024-04-06,Bronze,Chennai,Tamil Nadu,India
937223,Name223,User,Female,46,2024-07-12,Platinum,Mumbai,Maharashtra,India
677795,Name795,User,Male,50,2025-01-29,Silver,Chennai,Tamil Nadu,India
935817,Name817,User,Male,41,2025-11-05,Gold,Delhi,Delhi,India
992625,Name625,User,Female,21,2025-04-14,Bronze,Mumbai,Maharashtra,India
956096,Name096,User,Male,27,2024-10-19,Bronze,Chennai,Tamil Nadu,India
367695,Name695,User,Male,54,2025-02-09,Bronze,Chennai,Tamil Nadu,India
134035,Name035,User,Female,43,2024-10-01,Gold,Hyderabad,Telangana,India
982633,Name633,User,Male,53,2025-05-03,Bronze,Hyderabad,Telangana,India
805810,Name810,User,Female,68,2024-06-01,Silver,Bengaluru,Karnataka,India
173875,Name875,User,Female,22,2025-09-13,Silver,Chennai,Tamil Nadu,India
187277,Name277,User,Female,43,2025-06-16,Silver,Bengaluru,Karnataka,India
117501,Name501,User,Male,20,2025-08-10,Silver,Chennai,Tamil Nadu,India
575003,Name003,User,Female,39,2025-01-12,Silver,Mumbai,Maharashtra,India
115267,Name267,User,Female,55,2024-03-16,Bronze,Mumbai,Maharashtra,India
890778,Name778,User,Female,39,2025-05-27,Gold,Mumbai,Maharashtra,India
892290,Name290,User,Male,28,2024-11-28,Bronze,Chennai,Tamil Nadu,India
394856,Name856,User,Male,55,2024-04-20,Bronze,Delhi,Delhi,India
361681,Name681,User,Female,70,2025-01-03,Platinum,Chennai,Tamil Nadu,India
381691,Name691,User,Female,20,2025-12-29,Bronze,Bengaluru,Karnataka,India
214807,Name807,User,Female,66,2025-02-10,Silver,Delhi,Delhi,India
936016,Name016,User,Male,22,2025-12-26,Bronze,Chennai,Tamil Nadu,India
755152,Name152,User,Female,23,2024-05-09,Bronze,Bengaluru,Karnataka,India
293577,Name577,User,Male,31,2024-04-11,Bronze,Bengaluru,Karnataka,India
461153,Name153,User,Male,65,2025-06-08,Bronze,Hyderabad,Telangana,India
404385,Name385,User,Male,53,2024-11-19,Bronze,Delhi,Delhi,India
172892,Name892,User,Male,20,2025-03-28,Gold,Bengaluru,Karnataka,India
275605,Name605,User,Male,38,2025-03-03,Silver,Mumbai,Maharashtra,India
267379,Name379,User,Male,63,2025-08-25,Silver,Chennai,Tamil Nadu,India
367613,Name613,User,Female,29,2024-07-21,Bronze,Chennai,Tamil Nadu,India
652998,Name998,User,Male,55,2025-06-02,Bronze,Chennai,Tamil Nadu,India
276312,Name312,User,Female,30,2024-02-26,Bronze,Bengaluru,Karnataka,India
788554,Name554,User,Female,57,2024-12-29,Bronze,Hyderabad,Telangana,India
386171,Name171,User,Male,49,2024-02-03,Bronze,Mumbai,Maharashtra,India
779689,Name689,User,Male,18,2024-08-23,Silver,Chennai,Tamil Nadu,India
846156,Name156,User,Male,20,2025-06-24,Bronze,Mumbai,Maharashtra,India
408798,Name798,User,Female,33,2025-05-17,Silver,Hyderabad,Telangana,India
576789,Name789,User,Female,59,2024-03-16,Bronze,Bengaluru,Karnataka,India
836756,Name756,User,Male,61,2025-09-30,Bronze,Delhi,Delhi,India
437643,Name643,User,Female,57,2025-04-30,Bronze,Chennai,Tamil Nadu,India
620611,Name611,User,Male,24,2025-11-05,Silver,Hyderabad,Telangana,India
596784,Name784,User,Female,70,2025-12-25,Silver,Chennai,Tamil Nadu,India
219737,Name737,User,Male,59,2025-03-06,Bronze,Bengaluru,Karnataka,India
124782,Name782,User,Female,56,2025-07-31,Silver,Chennai,Tamil Nadu,India
427160,Name160,User,Female,56,2025-11-27,Silver,Chennai,Tamil Nadu,India
505334,Name334,User,Female,28,2024-10-01,Silver,Hyderabad,Telangana,India
460020,Name020,User,Female,54,2025-02-09,Silver,Chennai,Tamil Nadu,India
541365,Name365,User,Female,37,2024-01-16,Silver,Bengaluru,Karnataka,India
934879,Name879,User,Female,47,2024-12-30,Bronze,Mumbai,Maharashtra,India
297173,Name173,User,Male,62,2025-05-02,Gold,Hyderabad,Telangana,India
370973,Name973,User,Female,45,2024-02-25,Silver,Delhi,Delhi,India
214044,Name044,User,Male,34,2025-07-08,Silver,Bengaluru,Karnataka,India
365770,Name770,User,Female,18,2024-11-28,Bronze,Bengaluru,Karnataka,India
865620,Name620,User,Male,31,2024-03-24,Bronze,Chennai,Tamil Nadu,India
634895,Name895,User,Male,67,2025-12-08,Bronze,Mumbai,Maharashtra,India
319247,Name247,User,Female,32,2024-01-28,Platinum,Hyderabad,Telangana,India
735068,Name068,User,Female,37,2024-10-27,Bronze,Delhi,Delhi,India
552623,Name623,User,Female,69,2024-03-16,Gold,Chennai,Tamil Nadu,India
956728,Name728,User,Male,56,2024-02-13,Silver,Hyderabad,Telangana,India
121829,Name829,User,Male,63,2025-02-08,Bronze,Delhi,Delhi,India
336321,Name321,User,Male,64,2024-11-02,Silver,Chennai,Tamil Nadu,India
118732,Name732,User,Male,63,2025-12-22,Silver,Bengaluru,Karnataka,India
516615,Name615,User,Female,28,2025-11-22,Bronze,Hyderabad,Telangana,India
253576,Name576,User,Female,53,2024-12-16,Gold,Bengaluru,Karnataka,India
137042,Name042,User,Female,38,2025-09-10,Bronze,Chennai,Tamil Nadu,India
853753,Name753,User,Female,45,2024-01-12,Gold,Bengaluru,Karnataka,India
268010,Name010,User,Female,25,2025-05-28,Bronze,Mumbai,Maharashtra,India
567317,Name317,User,Female,45,2025-01-16,Silver,Chennai,Tamil Nadu,India
838832,Name832,User,Male,56,2025-06-11,Silver,Mumbai,Maharashtra,India
630903,Name903,User,Male,36,2024-02-19,Platinum,Delhi,Delhi,India
811118,Name118,User,Male,18,2025-11-19,Bronze,Mumbai,Maharashtra,India
547390,Name390,User,Male,21,2024-01-10,Bronze,Mumbai,Maharashtra,India
671161,Name161,User,Female,68,2024-01-20,Silver,Bengaluru,Karnataka,India
972672,Name672,User,Male,48,2024-07-23,Bronze,Chennai,Tamil Nadu,India
331315,Name315,User,Female,32,2024-07-06,Bronze,Chennai,Tamil Nadu,India
761412,Name412,User,Male,53,2025-12-18,Bronze,Mumbai,Maharashtra,India
936565,Name565,User,Female,44,2024-05-02,Bronze,Bengaluru,Karnataka,India
828813,Name813,User,Male,66,2024-07-08,Bronze,Delhi,Delhi,India
641693,Name693,User,Female,69,2024-04-10,Bronze,Delhi,Delhi,India
572745,Name745,User,Male,22,2025-03-29,Bronze,Bengaluru,Karnataka,India
334037,Name037,User,Female,40,2024-02-29,Silver,Mumbai,Maharashtra,India
649344,Name344,User,Male,68,2024-08-21,Silver,Hyderabad,Telangana,India
780008,Name008,User,Male,30,2024-02-25,Silver,Mumbai,Maharashtra,India
132191,Name191,User,Male,68,2024-08-13,Gold,Mumbai,Maharashtra,India
514080,Name080,User,Female,33,2024-02-03,Silver,Bengaluru,Karnataka,India
807686,Name686,User,Female,40,2024-12-31,Bronze,Delhi,Delhi,India
703818,Name818,User,Female,61,2025-01-30,Bronze,Chennai,Tamil Nadu,India
942410,Name410,User,Female,39,2024-07-01,Silver,Delhi,Delhi,India
436850,Name850,User,Male,22,2025-03-23,Gold,Mumbai,Maharashtra,India
791875,Name875,User,Female,39,2025-01-14,Bronze,Chennai,Tamil Nadu,India
761596,Name596,User,Female,38,2025-02-09,Platinum,Bengaluru,Karnataka,India
547007,Name007,User,Male,41,2024-05-10,Bronze,Chennai,Tamil Nadu,India
161640,Name640,User,Male,53,2025-12-29,Silver,Bengaluru,Karnataka,India
873273,Name273,User,Female,59,2025-10-04,Bronze,Delhi,Delhi,India
413111,Name111,User,Male,70,2025-09-18,Bronze,Delhi,Delhi,India
231788,Name788,User,Female,28,2024-10-10,Gold,Bengaluru,Karnataka,India
322436,Name436,User,Male,45,2024-06-06,Silver,Bengaluru,Karnataka,India
149744,Name744,User,Male,27,2025-12-01,Bronze,Hyderabad,Telangana,India
421269,Name269,User,Female,52,2024-02-05,Platinum,Delhi,Delhi,India
174162,Name162,User,Female,65,2025-01-09,Silver,Delhi,Delhi,India
180159,Name159,User,Female,39,2025-10-31,Bronze,Bengaluru,Karnataka,India
425439,Name439,User,Male,35,2025-09-20,Silver,Hyderabad,Telangana,India
412349,Name349,User,Male,33,2024-11-07,Bronze,Delhi,Delhi,India
879974,Name974,User,Male,41,2024-02-20,Bronze,Hyderabad,Telangana,India
265892,Name892,User,Male,30,2024-04-09,Platinum,Bengaluru,Karnataka,India
536388,Name388,User,Female,50,2024-09-29,Bronze,Delhi,Delhi,India
692383,Name383,User,Male,37,2025-08-10,Silver,Delhi,Delhi,India
364616,Name616,User,Female,46,2025-08-17,Silver,Chennai,Tamil Nadu,India
236725,Name725,User,Female,30,2025-03-19,Gold,Delhi,Delhi,India
108892,Name892,User,Male,32,2024-05-25,Bronze,Bengaluru,Karnataka,India
687954,Name954,User,Male,28,2025-05-12,Bronze,Delhi,Delhi,India
991841,Name841,User,Female,23,2025-09-16,Bronze,Mumbai,Maharashtra,India
139758,Name758,User,Male,46,2025-10-21,Silver,Delhi,Delhi,India
719272,Name272,User,Female,28,2025-08-11,Silver,Chennai,Tamil Nadu,India
959217,Name217,User,Male,38,2025-05-06,Silver,Mumbai,Maharashtra,India
328160,Name160,User,Female,49,2025-07-26,Bronze,Mumbai,Maharashtra,India
697982,Name982,User,Male,50,2024-11-22,Silver,Hyderabad,Telangana,India
583238,Name238,User,Female,56,2024-11-21,Gold,Chennai,Tamil Nadu,India
279848,Name848,User,Male,48,2024-12-12,Bronze,Chennai,Tamil Nadu,India
968129,Name129,User,Female,22,2025-11-05,Silver,Mumbai,Maharashtra,India
917907,Name907,User,Male,29,2024-12-01,Bronze,Bengaluru,Karnataka,India
838221,Name221,User,Female,37,2025-05-14,Bronze,Bengaluru,Karnataka,India
753223,Name223,User,Female,28,2025-10-10,Bronze,Mumbai,Maharashtra,India
633592,Name592,User,Female,45,2025-09-19,Bronze,Mumbai,Maharashtra,India
139241,Name241,User,Female,54,2024-10-15,Silver,Bengaluru,Karnataka,India
496329,Name329,User,Female,27,2024-12-26,Bronze,Delhi,Delhi,India
310142,Name142,User,Male,43,2025-04-05,Bronze,Bengaluru,Karnataka,India
463783,Name783,User,Male,20,2025-10-17,Bronze,Hyderabad,Telangana,India
203835,Name835,User,Male,51,2025-06-03,Bronze,Mumbai,Maharashtra,India
315756,Name756,User,Female,51,2024-06-23,Silver,Hyderabad,Telangana,India
701235,Name235,User,Female,18,2025-01-30,Silver,Hyderabad,Telangana,India
806900,Name900,User,Female,28,2025-08-30,Silver,Chennai,Tamil Nadu,India
553981,Name981,User,Female,70,2024-12-27,Bronze,Mumbai,Maharashtra,India
720137,Name137,User,Female,23,2025-03-28,Silver,Chennai,Tamil Nadu,India
303548,Name548,User,Male,28,2024-05-17,Bronze,Bengaluru,Karnataka,India
616267,Name267,User,Female,54,2024-12-11,Platinum,Mumbai,Maharashtra,India
209496,Name496,User,Female,48,2024-01-09,Silver,Delhi,Delhi,India
798307,Name307,User,Male,46,2025-11-01,Bronze,Chennai,Tamil Nadu,India
509008,Name008,User,Female,47,2024-05-06,Bronze,Delhi,Delhi,India
410454,Name454,User,Male,39,2024-05-14,Bronze,Delhi,Delhi,India
628594,Name594,User,Female,32,2025-07-21,Silver,Chennai,Tamil Nadu,India
624078,Name078,User,Female,50,2025-07-19,Bronze,Hyderabad,Telangana,India
118035,Name035,User,Female,55,2024-07-30,Bronze,Chennai,Tamil Nadu,India
441149,Name149,User,Male,70,2024-12-14,Bronze,Delhi,Delhi,India
741863,Name863,User,Male,57,2025-03-26,Bronze,Hyderabad,Telangana,India
521868,Name868,User,Female,41,2024-07-30,Bronze,Chennai,Tamil Nadu,India
395018,Name018,User,Male,52,2025-01-31,Bronze,Mumbai,Maharashtra,India
118971,Name971,User,Male,48,2025-04-04,Silver,Hyderabad,Telangana,India
264590,Name590,User,Male,55,2024-07-17,Gold,Chennai,Tamil Nadu,India
310609,Name609,User,Female,49,2025-02-03,Bronze,Chennai,Tamil Nadu,India
999192,Name192,User,Male,56,2024-10-06,Bronze,Bengaluru,Karnataka,India
443661,Name661,User,Male,69,2025-11-18,Bronze,Mumbai,Maharashtra,India
950540,Name540,User,Male,46,2024-11-22,Bronze,Chennai,Tamil Nadu,India
690705,Name705,User,Female,21,2025-04-24,Bronze,Mumbai,Maharashtra,India
920720,Name720,User,Female,39,2025-06-03,Bronze,Hyderabad,Telangana,India
241707,Name707,User,Female,57,2025-05-04,Silver,Hyderabad,Telangana,India
455567,Name567,User,Male,40,2024-05-20,Silver,Bengaluru,Karnataka,India
550091,Name091,User,Male,47,2025-10-27,Gold,Delhi,Delhi,India
323377,Name377,User,Male,45,2024-02-23,Bronze,Mumbai,Maharashtra,India
379482,Name482,User,Female,35,2025-02-11,Bronze,Bengaluru,Karnataka,India
807217,Name217,User,Female,37,2025-12-30,Bronze,Hyderabad,Telangana,India
201088,Name088,User,Female,38,2024-10-23,Bronze,Chennai,Tamil Nadu,India
978393,Name393,User,Male,46,2024-06-06,Bronze,Hyderabad,Telangana,India
497655,Name655,User,Male,52,2024-11-22,Bronze,Chennai,Tamil Nadu,India
674228,Name228,User,Female,64,2025-08-18,Bronze,Hyderabad,Telangana,India
460552,Name552,User,Female,38,2025-05-11,Silver,Chennai,Tamil Nadu,India
978384,Name384,User,Male,28,2024-09-03,Silver,Chennai,Tamil Nadu,India
820487,Name487,User,Male,21,2024-11-24,Gold,Chennai,Tamil Nadu,India
660285,Name285,User,Female,44,2024-01-31,Bronze,Mumbai,Maharashtra,India
608033,Name033,User,Female,31,2024-10-22,Gold,Bengaluru,Karnataka,India
905255,Name255,User,Female,62,2025-01-28,Silver,Bengaluru,Karnataka,India
658388,Name388,User,Male,42,2025-10-28,Gold,Delhi,Delhi,India
346038,Name038,User,Male,32,2024-03-08,Gold,Bengaluru,Karnataka,India
168495,Name495,User,Female,31,2025-12-28,Gold,Bengaluru,Karnataka,India
860705,Name705,User,Female,18,2024-12-25,Bronze,Mumbai,Maharashtra,India
142362,Name362,User,Male,25,2025-06-30,Silver,Hyderabad,Telangana,India
188793,Name793,User,Female,27,2025-01-19,Bronze,Delhi,Delhi,India
239478,Name478,User,Female,31,2024-07-17,Bronze,Chennai,Tamil Nadu,India
277937,Name937,User,Male,27,2024-05-02,Bronze,Chennai,Tamil Nadu,India
274643,Name643,User,Male,45,2024-05-17,Gold,Chennai,Tamil Nadu,India
664352,Name352,User,Female,56,2024-05-20,Bronze,Chennai,Tamil Nadu,India
323313,Name313,User,Male,33,2025-12-10,Bronze,Delhi,Delhi,India
381028,Name028,User,Male,59,2024-04-01,Bronze,Hyderabad,Telangana,India
895991,Name991,User,Male,31,2025-01-04,Silver,Hyderabad,Telangana,India
448372,Name372,User,Female,22,2025-01-27,Bronze,Bengaluru,Karnataka,India
729364,Name364,User,Female,30,2024-09-03,Bronze,Chennai,Tamil Nadu,India
630462,Name462,User,Female,20,2024-09-30,Gold,Mumbai,Maharashtra,India
981991,Name991,User,Male,69,2024-04-18,Gold,Delhi,Delhi,India
367692,Name692,User,Female,39,2024-04-17,Bronze,Mumbai,Maharashtra,India
485989,Name989,User,Female,60,2024-10-14,Bronze,Chennai,Tamil Nadu,India
455311,Name311,User,Female,66,2025-01-27,Bronze,Bengaluru,Karnataka,India
456814,Name814,User,Male,30,2024-03-07,Bronze,Bengaluru,Karnataka,India
219446,Name446,User,Male,33,2025-11-16,Bronze,Delhi,Delhi,India
405361,Name361,User,Female,54,2024-04-07,Bronze,Chennai,Tamil Nadu,India
346614,Name614,User,Male,20,2025-03-16,Gold,Chennai,Tamil Nadu,India
733321,Name321,User,Female,26,2024-08-29,Silver,Bengaluru,Karnataka,India
917406,Name406,User,Female,67,2024-12-16,Silver,Bengaluru,Karnataka,India
849845,Name845,User,Female,26,2025-12-06,Gold,Mumbai,Maharashtra,India
612536,Name536,User,Male,40,2024-04-30,Gold,Bengaluru,Karnataka,India
241920,Name920,User,Male,45,2024-06-01,Gold,Delhi,Delhi,India
708129,Name129,User,Male,27,2024-10-22,Bronze,Bengaluru,Karnataka,India
677944,Name944,User,Female,22,2025-08-26,Bronze,Mumbai,Maharashtra,India
907668,Name668,User,Male,26,2025-07-05,Gold,Hyderabad,Telangana,India
209340,Name340,User,Female,33,2025-06-19,Bronze,Hyderabad,Telangana,India
436305,Name305,User,Female,25,2024-03-09,Bronze,Bengaluru,Karnataka,India
141038,Name038,User,Female,24,2024-04-08,Bronze,Chennai,Tamil Nadu,India
526349,Name349,User,Male,62,2025-10-31,Silver,Delhi,Delhi,India
176748,Name748,User,Female,33,2024-04-03,Bronze,Mumbai,Maharashtra,India
498700,Name700,User,Male,54,2025-03-15,Silver,Chennai,Tamil Nadu,India
926399,Name399,User,Male,60,2025-09-01,Bronze,Hyderabad,Telangana,India
254485,Name485,User,Female,46,2024-08-12,Bronze,Chennai,Tamil Nadu,India
968751,Name751,User,Female,46,2025-06-30,Bronze,Bengaluru,Karnataka,India
231090,Name090,User,Male,65,2025-12-24,Bronze,Chennai,Tamil Nadu,India
457456,Name456,User,Male,38,2025-06-06,Platinum,Bengaluru,Karnataka,India
220260,Name260,User,Female,61,2025-07-27,Silver,Hyderabad,Telangana,India
745069,Name069,User,Male,37,2024-01-18,Bronze,Hyderabad,Telangana,India
715941,Name941,User,Female,70,2024-04-28,Gold,Delhi,Delhi,India
919885,Name885,User,Female,68,2025-07-08,Gold,Bengaluru,Karnataka,India
496403,Name403,User,Male,50,2024-05-21,Platinum,Delhi,Delhi,India
180375,Name375,User,Female,48,2025-08-06,Gold,Mumbai,Maharashtra,India
698507,Name507,User,Female,26,2025-12-29,Platinum,Chennai,Tamil Nadu,India
677004,Name004,User,Male,67,2024-10-02,Silver,Chennai,Tamil Nadu,India
334581,Name581,User,Female,36,2024-01-13,Silver,Mumbai,Maharashtra,India
693458,Name458,User,Male,54,2025-02-15,Bronze,Chennai,Tamil Nadu,India
185714,Name714,User,Female,23,2025-09-17,Bronze,Bengaluru,Karnataka,India
379680,Name680,User,Male,30,2024-06-22,Bronze,Bengaluru,Karnataka,India
482616,Name616,User,Male,25,2025-07-22,Silver,Mumbai,Maharashtra,India
409909,Name909,User,Male,52,2024-06-02,Bronze,Delhi,Delhi,India
691865,Name865,User,Male,50,2024-12-27,Gold,Delhi,Delhi,India
660248,Name248,User,Female,35,2025-09-21,Bronze,Chennai,Tamil Nadu,India
219869,Name869,User,Male,22,2025-09-02,Bronze,Chennai,Tamil Nadu,India
580005,Name005,User,Female,57,2024-10-16,Gold,Mumbai,Maharashtra,India
390647,Name647,User,Female,69,2024-03-10,Bronze,Hyderabad,Telangana,India
212963,Name963,User,Female,44,2024-12-29,Gold,Mumbai,Maharashtra,India
925244,Name244,User,Male,29,2024-08-19,Bronze,Chennai,Tamil Nadu,India
147974,Name974,User,Female,22,2025-04-02,Bronze,Mumbai,Maharashtra,India
967977,Name977,User,Male,34,2024-06-07,Silver,Delhi,Delhi,India
410103,Name103,User,Female,24,2025-05-04,Silver,Chennai,Tamil Nadu,India
112983,Name983,User,Male,48,2024-11-15,Bronze,Chennai,Tamil Nadu,India
743486,Name486,User,Male,69,2024-05-15,Silver,Bengaluru,Karnataka,India
802977,Name977,User,Male,68,2025-01-26,Bronze,Hyderabad,Telangana,India
115254,Name254,User,Male,32,2025-05-20,Silver,Mumbai,Maharashtra,India
196136,Name136,User,Female,30,2025-06-12,Bronze,Bengaluru,Karnataka,India
533622,Name622,User,Male,49,2025-08-11,Bronze,Delhi,Delhi,India
220693,Name693,User,Female,63,2025-10-20,Gold,Hyderabad,Telangana,India
966249,Name249,User,Female,43,2025-07-20,Platinum,Chennai,Tamil Nadu,India
928247,Name247,User,Female,27,2025-03-11,Bronze,Mumbai,Maharashtra,India
141967,Name967,User,Female,57,2025-03-16,Silver,Bengaluru,Karnataka,India
297050,Name050,User,Female,48,2025-09-01,Bronze,Delhi,Delhi,India
351273,Name273,User,Male,38,2024-06-05,Silver,Chennai,Tamil Nadu,India
923669,Name669,User,Female,61,2025-11-24,Bronze,Chennai,Tamil Nadu,India
715296,Name296,User,Female,47,2024-09-28,Silver,Mumbai,Maharashtra,India
541464,Name464,User,Male,69,2024-03-27,Bronze,Bengaluru,Karnataka,India
269890,Name890,User,Male,48,2025-08-19,Silver,Hyderabad,Telangana,India
221171,Name171,User,Female,49,2024-08-26,Silver,Chennai,Tamil Nadu,India
572811,Name811,User,Male,44,2025-09-07,Bronze,Hyderabad,Telangana,India
275514,Name514,User,Female,23,2024-10-27,Silver,Mumbai,Maharashtra,India
813964,Name964,User,Male,22,2024-03-15,Gold,Bengaluru,Karnataka,India
353147,Name147,User,Female,40,2024-11-11,Bronze,Chennai,Tamil Nadu,India
266665,Name665,User,Female,38,2024-06-24,Gold,Hyderabad,Telangana,India
880147,Name147,User,Male,38,2025-09-09,Bronze,Bengaluru,Karnataka,India
986066,Name066,User,Male,37,2024-11-09,Gold,Delhi,Delhi,India
207829,Name829,User,Female,55,2024-01-05,Silver,Bengaluru,Karnataka,India
556238,Name238,User,Male,27,2024-09-04,Gold,Bengaluru,Karnataka,India
496652,Name652,User,Female,43,2024-07-26,Bronze,Mumbai,Maharashtra,India
945663,Name663,User,Male,38,2025-01-30,Gold,Chennai,Tamil Nadu,India
669298,Name298,User,Male,20,2025-04-01,Bronze,Delhi,Delhi,India
958102,Name102,User,Female,67,2024-08-13,Silver,Mumbai,Maharashtra,India
408306,Name306,User,Female,39,2024-03-26,Bronze,Bengaluru,Karnataka,India
676936,Name936,User,Male,51,2025-04-19,Silver,Delhi,Delhi,India
365719,Name719,User,Female,18,2025-09-07,Platinum,Chennai,Tamil Nadu,India
846178,Name178,User,Female,52,2024-04-22,Bronze,Hyderabad,Telangana,India
600181,Name181,User,Female,31,2025-06-15,Silver,Delhi,Delhi,India
429734,Name734,User,Female,40,2024-09-29,Bronze,Bengaluru,Karnataka,India
204993,Name993,User,Male,58,2025-03-27,Bronze,Mumbai,Maharashtra,India
317699,Name699,User,Female,46,2025-11-08,Bronze,Mumbai,Maharashtra,India
783724,Name724,User,Male,30,2024-01-31,Bronze,Delhi,Delhi,India
432835,Name835,User,Male,46,2024-01-30,Silver,Delhi,Delhi,India
141544,Name544,User,Male,52,2024-01-10,Bronze,Hyderabad,Telangana,India
128586,Name586,User,Male,26,2024-11-24,Gold,Mumbai,Maharashtra,India
111016,Name016,User,Female,30,2025-02-11,Bronze,Mumbai,Maharashtra,India
925082,Name082,User,Female,34,2025-07-09,Bronze,Bengaluru,Karnataka,India
409906,Name906,User,Female,35,2024-03-31,Bronze,Hyderabad,Telangana,India
861773,Name773,User,Female,26,2025-09-24,Bronze,Hyderabad,Telangana,India
725549,Name549,User,Male,38,2024-05-28,Bronze,Mumbai,Maharashtra,India
435807,Name807,User,Male,44,2025-08-30,Bronze,Hyderabad,Telangana,India
571696,Name696,User,Male,69,2025-12-06,Bronze,Chennai,Tamil Nadu,India
510275,Name275,User,Female,52,2025-02-02,Silver,Chennai,Tamil Nadu,India
428498,Name498,User,Male,31,2024-07-17,Bronze,Chennai,Tamil Nadu,India
517915,Name915,User,Female,51,2024-01-24,Gold,Hyderabad,Telangana,India
166023,Name023,User,Male,52,2025-06-17,Silver,Bengaluru,Karnataka,India
167310,Name310,User,Male,23,2024-08-03,Bronze,Delhi,Delhi,India
432765,Name765,User,Female,36,2024-01-16,Bronze,Mumbai,Maharashtra,India
730662,Name662,User,Male,63,2025-08-24,Bronze,Mumbai,Maharashtra,India
578001,Name001,User,Male,54,2025-04-24,Gold,Delhi,Delhi,India
216771,Name771,User,Female,32,2024-03-05,Bronze,Mumbai,Maharashtra,India
362209,Name209,User,Female,49,2025-06-08,Silver,Chennai,Tamil Nadu,India
325646,Name646,User,Male,46,2024-09-23,Gold,Hyderabad,Telangana,India
923274,Name274,User,Female,69,2025-08-02,Bronze,Bengaluru,Karnataka,India
747817,Name817,User,Male,29,2025-12-04,Gold,Chennai,Tamil Nadu,India
915707,Name707,User,Male,19,2025-03-05,Gold,Bengaluru,Karnataka,India
669285,Name285,User,Male,66,2025-04-16,Gold,Hyderabad,Telangana,India
821619,Name619,User,Female,40,2025-06-08,Bronze,Delhi,Delhi,India
591698,Name698,User,Male,35,2025-08-26,Silver,Bengaluru,Karnataka,India
793983,Name983,User,Female,26,2025-08-08,Bronze,Chennai,Tamil Nadu,India
473111,Name111,User,Female,64,2024-09-06,Bronze,Bengaluru,Karnataka,India
371671,Name671,User,Male,50,2024-09-17,Bronze,Hyderabad,Telangana,India
292122,Name122,User,Male,54,2024-03-27,Bronze,Bengaluru,Karnataka,India
667911,Name911,User,Male,32,2024-10-27,Silver,Chennai,Tamil Nadu,India
317932,Name932,User,Female,41,2025-02-12,Silver,Delhi,Delhi,India
422249,Name249,User,Female,60,2025-11-10,Gold,Hyderabad,Telangana,India
308893,Name893,User,Female,54,2024-03-26,Gold,Mumbai,Maharashtra,India
358349,Name349,User,Male,19,2024-10-12,Bronze,Mumbai,Maharashtra,India
477973,Name973,User,Male,52,2025-05-03,Silver,Bengaluru,Karnataka,India
185321,Name321,User,Male,47,2024-12-16,Bronze,Bengaluru,Karnataka,India
959808,Name808,User,Female,65,2025-12-30,Bronze,Delhi,Delhi,India
394426,Name426,User,Male,43,2024-06-05,Platinum,Hyderabad,Telangana,India
193758,Name758,User,Male,43,2024-02-11,Bronze,Delhi,Delhi,India
889878,Name878,User,Female,52,2025-09-26,Silver,Mumbai,Maharashtra,India
569659,Name659,User,Female,32,2024-09-20,Silver,Mumbai,Maharashtra,India
194884,Name884,User,Male,20,2025-09-11,Gold,Hyderabad,Telangana,India
783682,Name682,User,Female,43,2025-06-07,Bronze,Hyderabad,Telangana,India
702256,Name256,User,Female,54,2024-01-25,Bronze,Hyderabad,Telangana,India
774723,Name723,User,Male,45,2024-06-13,Gold,Hyderabad,Telangana,India
455345,Name345,User,Male,35,2025-02-26,Silver,Chennai,Tamil Nadu,India
338473,Name473,User,Female,63,2025-04-12,Gold,Bengaluru,Karnataka,India
509446,Name446,User,Female,36,2024-09-02,Bronze,Chennai,Tamil Nadu,India
421686,Name686,User,Male,34,2024-01-21,Gold,Chennai,Tamil Nadu,India
143046,Name046,User,Female,63,2025-02-03,Bronze,Mumbai,Maharashtra,India
443137,Name137,User,Female,49,2024-01-17,Bronze,Chennai,Tamil Nadu,India
295887,Name887,User,Male,32,2024-06-04,Bronze,Hyderabad,Telangana,India
432120,Name120,User,Male,22,2024-04-07,Bronze,Mumbai,Maharashtra,India
931239,Name239,User,Male,21,2024-10-04,Bronze,Hyderabad,Telangana,India
988285,Name285,User,Male,40,2025-09-01,Bronze,Hyderabad,Telangana,India
707132,Name132,User,Female,42,2025-10-31,Bronze,Bengaluru,Karnataka,India
417518,Name518,User,Male,70,2025-03-27,Silver,Mumbai,Maharashtra,India
357790,Name790,User,Female,63,2025-03-22,Silver,Hyderabad,Telangana,India
450573,Name573,User,Male,21,2024-12-04,Platinum,Delhi,Delhi,India
205851,Name851,User,Male,58,2025-08-30,Silver,Hyderabad,Telangana,India
670661,Name661,User,Male,27,2025-10-02,Bronze,Bengaluru,Karnataka,India
741090,Name090,User,Female,63,2024-08-26,Bronze,Delhi,Delhi,India
707110,Name110,User,Male,67,2024-07-27,Bronze,Chennai,Tamil Nadu,India
946796,Name796,User,Female,45,2025-05-15,Bronze,Delhi,Delhi,India
724912,Name912,User,Male,19,2025-01-11,Bronze,Mumbai,Maharashtra,India
196515,Name515,User,Female,46,2025-06-06,Silver,Delhi,Delhi,India
357003,Name003,User,Female,48,2024-12-14,Bronze,Hyderabad,Telangana,India
330849,Name849,User,Male,67,2024-05-22,Gold,Chennai,Tamil Nadu,India
121363,Name363,User,Female,29,2024-04-03,Bronze,Chennai,Tamil Nadu,India
947525,Name525,User,Male,35,2024-07-17,Silver,Mumbai,Maharashtra,India
355600,Name600,User,Female,62,2025-11-28,Bronze,Hyderabad,Telangana,India
521290,Name290,User,Male,63,2025-02-08,Bronze,Hyderabad,Telangana,India
175840,Name840,User,Female,26,2025-12-03,Silver,Mumbai,Maharashtra,India
381085,Name085,User,Male,36,2024-12-19,Silver,Hyderabad,Telangana,India
677980,Name980,User,Female,38,2025-08-21,Bronze,Mumbai,Maharashtra,India
174361,Name361,User,Female,64,2025-02-05,Silver,Chennai,Tamil Nadu,India
864589,Name589,User,Female,61,2025-12-07,Silver,Mumbai,Maharashtra,India
178779,Name779,User,Female,65,2024-05-06,Gold,Hyderabad,Telangana,India
122559,Name559,User,Male,67,2025-07-24,Silver,Mumbai,Maharashtra,India
766246,Name246,User,Male,43,2024-02-11,Bronze,Bengaluru,Karnataka,India
110398,Name398,User,Female,70,2025-10-22,Bronze,Bengaluru,Karnataka,India
404948,Name948,User,Female,64,2024-10-27,Silver,Chennai,Tamil Nadu,India
887196,Name196,User,Female,65,2025-11-26,Bronze,Chennai,Tamil Nadu,India
930665,Name665,User,Female,27,2024-11-27,Bronze,Hyderabad,Telangana,India
476639,Name639,User,Male,50,2025-10-19,Bronze,Hyderabad,Telangana,India
617221,Name221,User,Female,34,2025-02-05,Bronze,Chennai,Tamil Nadu,India
591608,Name608,User,Female,28,2025-10-10,Gold,Mumbai,Maharashtra,India
261669,Name669,User,Female,25,2024-09-18,Platinum,Hyderabad,Telangana,India
205837,Name837,User,Male,47,2024-06-03,Bronze,Mumbai,Maharashtra,India
625787,Name787,User,Male,32,2024-03-22,Bronze,Delhi,Delhi,India
915525,Name525,User,Male,55,2025-11-04,Bronze,Mumbai,Maharashtra,India
933600,Name600,User,Female,27,2024-12-21,Bronze,Bengaluru,Karnataka,India
444031,Name031,User,Male,28,2025-07-03,Silver,Hyderabad,Telangana,India
180852,Name852,User,Female,56,2025-02-11,Gold,Delhi,Delhi,India
634008,Name008,User,Male,38,2025-06-26,Gold,Chennai,Tamil Nadu,India
797562,Name562,User,Male,69,2025-08-12,Bronze,Mumbai,Maharashtra,India
281657,Name657,User,Male,18,2025-11-09,Bronze,Hyderabad,Telangana,India
288289,Name289,User,Female,55,2025-09-29,Gold,Bengaluru,Karnataka,India
913914,Name914,User,Female,42,2024-04-30,Gold,Bengaluru,Karnataka,India
256828,Name828,User,Female,59,2025-11-12,Silver,Delhi,Delhi,India
248413,Name413,User,Male,41,2025-12-27,Bronze,Chennai,Tamil Nadu,India
961457,Name457,User,Male,35,2024-04-26,Bronze,Hyderabad,Telangana,India
435317,Name317,User,Female,57,2024-05-24,Silver,Delhi,Delhi,India
420468,Name468,User,Male,32,2025-12-25,Gold,Chennai,Tamil Nadu,India
212069,Name069,User,Male,44,2025-11-16,Bronze,Bengaluru,Karnataka,India
843780,Name780,User,Female,25,2024-09-13,Bronze,Chennai,Tamil Nadu,India
639343,Name343,User,Female,30,2024-08-01,Bronze,Bengaluru,Karnataka,India
975235,Name235,User,Female,40,2024-09-19,Gold,Delhi,Delhi,India
731130,Name130,User,Male,45,2025-05-10,Bronze,Hyderabad,Telangana,India
407746,Name746,User,Male,32,2024-04-21,Bronze,Bengaluru,Karnataka,India
232434,Name434,User,Male,60,2025-03-26,Gold,Delhi,Delhi,India
316783,Name783,User,Male,31,2024-10-06,Bronze,Delhi,Delhi,India
248562,Name562,User,Female,65,2024-09-14,Silver,Bengaluru,Karnataka,India
671990,Name990,User,Male,32,2024-09-20,Gold,Delhi,Delhi,India
857730,Name730,User,Male,39,2024-01-18,Gold,Chennai,Tamil Nadu,India
133302,Name302,User,Male,34,2025-10-20,Gold,Delhi,Delhi,India
917620,Name620,User,Female,62,2025-01-12,Silver,Mumbai,Maharashtra,India
431422,Name422,User,Male,24,2024-01-05,Gold,Bengaluru,Karnataka,India
960912,Name912,User,Female,61,2025-02-24,Bronze,Bengaluru,Karnataka,India
753816,Name816,User,Female,43,2025-09-21,Bronze,Chennai,Tamil Nadu,India
942904,Name904,User,Male,69,2025-03-23,Bronze,Bengaluru,Karnataka,India
804851,Name851,User,Female,67,2024-10-16,Silver,Hyderabad,Telangana,India
679811,Name811,User,Male,28,2025-09-29,Silver,Mumbai,Maharashtra,India
981557,Name557,User,Female,36,2025-03-09,Bronze,Chennai,Tamil Nadu,India
882431,Name431,User,Male,43,2024-06-05,Silver,Mumbai,Maharashtra,India
823092,Name092,User,Female,60,2025-02-07,Bronze,Delhi,Delhi,India
315413,Name413,User,Male,63,2025-11-06,Bronze,Hyderabad,Telangana,India
286808,Name808,User,Male,37,2024-10-27,Silver,Bengaluru,Karnataka,India
413447,Name447,User,Female,48,2024-05-16,Bronze,Bengaluru,Karnataka,India
553653,Name653,User,Female,31,2024-10-11,Bronze,Chennai,Tamil Nadu,India
663601,Name601,User,Female,49,2024-11-02,Bronze,Chennai,Tamil Nadu,India
265566,Name566,User,Female,69,2024-12-08,Platinum,Bengaluru,Karnataka,India
150917,Name917,User,Female,61,2025-03-28,Gold,Bengaluru,Karnataka,India
849547,Name547,User,Male,42,2024-02-10,Bronze,Hyderabad,Telangana,India
800216,Name216,User,Female,21,2025-06-19,Silver,Delhi,Delhi,India
359309,Name309,User,Female,68,2024-04-21,Platinum,Mumbai,Maharashtra,India
364856,Name856,User,Male,18,2024-12-18,Bronze,Bengaluru,Karnataka,India
915557,Name557,User,Female,63,2024-09-03,Silver,Bengaluru,Karnataka,India
167543,Name543,User,Female,19,2025-10-30,Bronze,Mumbai,Maharashtra,India
815208,Name208,User,Female,69,2025-11-17,Silver,Delhi,Delhi,India
568393,Name393,User,Female,36,2025-10-06,Bronze,Delhi,Delhi,India
947514,Name514,User,Female,42,2025-07-08,Silver,Mumbai,Maharashtra,India
551067,Name067,User,Female,36,2025-03-22,Platinum,Mumbai,Maharashtra,India
675951,Name951,User,Male,39,2025-03-05,Silver,Mumbai,Maharashtra,India
362374,Name374,User,Male,55,2025-06-07,Silver,Hyderabad,Telangana,India
667675,Name675,User,Female,59,2024-07-02,Silver,Bengaluru,Karnataka,India
560743,Name743,User,Female,22,2025-10-16,Bronze,Delhi,Delhi,India
992645,Name645,User,Male,34,2024-01-02,Bronze,Hyderabad,Telangana,India
664196,Name196,User,Male,29,2025-09-25,Bronze,Bengaluru,Karnataka,India
575329,Name329,User,Female,37,2024-04-12,Bronze,Hyderabad,Telangana,India
111394,Name394,User,Female,29,2024-09-17,Silver,Mumbai,Maharashtra,India
514932,Name932,User,Male,61,2025-02-12,Silver,Delhi,Delhi,India
976914,Name914,User,Female,18,2025-01-25,Bronze,Chennai,Tamil Nadu,India
455120,Name120,User,Male,56,2025-12-14,Bronze,Bengaluru,Karnataka,India
279849,Name849,User,Female,51,2025-08-03,Silver,Delhi,Delhi,India
370500,Name500,User,Female,61,2024-01-19,Silver,Delhi,Delhi,India
609380,Name380,User,Female,66,2025-09-23,Silver,Chennai,Tamil Nadu,India
125594,Name594,User,Male,65,2025-02-09,Silver,Delhi,Delhi,India
931591,Name591,User,Male,32,2024-04-03,Silver,Delhi,Delhi,India
777840,Name840,User,Female,60,2025-11-11,Bronze,Chennai,Tamil Nadu,India
536924,Name924,User,Female,70,2025-02-01,Bronze,Chennai,Tamil Nadu,India
698321,Name321,User,Female,63,2024-05-30,Silver,Bengaluru,Karnataka,India
119829,Name829,User,Female,55,2024-10-09,Silver,Bengaluru,Karnataka,India
165348,Name348,User,Male,52,2025-11-08,Bronze,Delhi,Delhi,India
825303,Name303,User,Female,28,2024-11-25,Bronze,Delhi,Delhi,India
472185,Name185,User,Male,42,2024-09-25,Bronze,Mumbai,Maharashtra,India
708248,Name248,User,Female,20,2024-02-03,Gold,Bengaluru,Karnataka,India
245001,Name001,User,Female,37,2025-01-10,Bronze,Hyderabad,Telangana,India
722378,Name378,User,Male,36,2024-10-13,Gold,Bengaluru,Karnataka,India
231207,Name207,User,Female,57,2024-06-05,Silver,Bengaluru,Karnataka,India
245223,Name223,User,Male,42,2024-03-03,Bronze,Bengaluru,Karnataka,India
371699,Name699,User,Female,31,2025-04-09,Gold,Mumbai,Maharashtra,India
969200,Name200,User,Female,39,2024-01-05,Gold,Mumbai,Maharashtra,India
390365,Name365,User,Female,68,2025-03-17,Gold,Chennai,Tamil Nadu,India
517120,Name120,User,Female,66,2025-01-10,Gold,Hyderabad,Telangana,India
691472,Name472,User,Male,65,2025-03-18,Gold,Hyderabad,Telangana,India
520565,Name565,User,Male,23,2024-06-13,Silver,Bengaluru,Karnataka,India
280537,Name537,User,Female,63,2025-01-26,Bronze,Bengaluru,Karnataka,India
742195,Name195,User,Male,45,2025-09-14,Bronze,Hyderabad,Telangana,India
193582,Name582,User,Female,42,2024-06-26,Silver,Delhi,Delhi,India
344873,Name873,User,Male,62,2024-12-21,Bronze,Delhi,Delhi,India
609604,Name604,User,Male,42,2025-10-07,Gold,Hyderabad,Telangana,India
107840,Name840,User,Male,20,2025-05-30,Bronze,Chennai,Tamil Nadu,India
286204,Name204,User,Male,25,2024-10-07,Platinum,Delhi,Delhi,India
654383,Name383,User,Male,18,2025-01-15,Bronze,Chennai,Tamil Nadu,India
432651,Name651,User,Male,37,2025-11-03,Silver,Delhi,Delhi,India
625231,Name231,User,Male,63,2024-06-09,Silver,Delhi,Delhi,India
780357,Name357,User,Male,22,2024-07-16,Gold,Bengaluru,Karnataka,India
559608,Name608,User,Female,31,2025-02-06,Silver,Delhi,Delhi,India
819861,Name861,User,Male,56,2024-03-06,Gold,Hyderabad,Telangana,India
770156,Name156,User,Male,22,2025-11-29,Bronze,Delhi,Delhi,India
866951,Name951,User,Male,53,2024-09-22,Platinum,Delhi,Delhi,India
336695,Name695,User,Female,23,2024-12-30,Silver,Chennai,Tamil Nadu,India
349953,Name953,User,Female,45,2025-07-24,Gold,Delhi,Delhi,India
428188,Name188,User,Male,26,2025-07-21,Silver,Chennai,Tamil Nadu,India
619120,Name120,User,Female,41,2024-08-17,Bronze,Hyderabad,Telangana,India
820318,Name318,User,Female,39,2025-11-16,Silver,Chennai,Tamil Nadu,India
602086,Name086,User,Male,67,2024-02-19,Platinum,Delhi,Delhi,India
335994,Name994,User,Female,28,2025-11-10,Silver,Chennai,Tamil Nadu,India
847473,Name473,User,Female,40,2024-06-08,Bronze,Chennai,Tamil Nadu,India
532271,Name271,User,Female,52,2024-10-15,Silver,Chennai,Tamil Nadu,India
453319,Name319,User,Male,36,2024-04-18,Gold,Delhi,Delhi,India
687629,Name629,User,Male,45,2025-06-08,Bronze,Mumbai,Maharashtra,India
740980,Name980,User,Female,63,2024-03-04,Bronze,Bengaluru,Karnataka,India
863594,Name594,User,Female,65,2024-11-02,Silver,Mumbai,Maharashtra,India
785147,Name147,User,Male,66,2025-04-12,Bronze,Hyderabad,Telangana,India
388594,Name594,User,Male,28,2025-06-01,Bronze,Delhi,Delhi,India
777815,Name815,User,Male,19,2025-06-10,Bronze,Hyderabad,Telangana,India
330130,Name130,User,Female,53,2025-03-12,Bronze,Hyderabad,Telangana,India
150538,Name538,User,Female,42,2024-08-31,Silver,Chennai,Tamil Nadu,India
175027,Name027,User,Male,59,2024-07-23,Silver,Mumbai,Maharashtra,India
900267,Name267,User,Male,26,2025-03-25,Gold,Bengaluru,Karnataka,India
636547,Name547,User,Female,27,2024-05-27,Bronze,Delhi,Delhi,India
776633,Name633,User,Female,62,2024-04-05,Silver,Chennai,Tamil Nadu,India
486599,Name599,User,Female,48,2025-01-10,Bronze,Mumbai,Maharashtra,India
267214,Name214,User,Female,32,2025-05-07,Platinum,Chennai,Tamil Nadu,India
636484,Name484,User,Male,30,2025-06-26,Platinum,Delhi,Delhi,India
903238,Name238,User,Female,48,2025-09-19,Silver,Bengaluru,Karnataka,India
930975,Name975,User,Male,66,2024-08-06,Bronze,Chennai,Tamil Nadu,India
313746,Name746,User,Male,66,2024-02-07,Silver,Chennai,Tamil Nadu,India
426948,Name948,User,Male,47,2025-07-07,Bronze,Mumbai,Maharashtra,India
413228,Name228,User,Male,68,2024-05-23,Bronze,Delhi,Delhi,India
826198,Name198,User,Female,65,2024-07-14,Gold,Bengaluru,Karnataka,India
414117,Name117,User,Male,43,2025-01-09,Bronze,Hyderabad,Telangana,India
990231,Name231,User,Female,41,2025-10-02,Bronze,Delhi,Delhi,India
679147,Name147,User,Female,37,2025-12-17,Bronze,Hyderabad,Telangana,India
489665,Name665,User,Female,39,2024-08-04,Platinum,Delhi,Delhi,India
273202,Name202,User,Male,63,2024-07-05,Silver,Mumbai,Maharashtra,India
835348,Name348,User,Male,35,2025-08-30,Silver,Bengaluru,Karnataka,India
835341,Name341,User,Male,63,2025-10-17,Bronze,Bengaluru,Karnataka,India
872190,Name190,User,Male,66,2025-02-27,Bronze,Mumbai,Maharashtra,India
587355,Name355,User,Male,42,2024-04-23,Bronze,Hyderabad,Telangana,India
723460,Name460,User,Male,32,2025-06-14,Silver,Hyderabad,Telangana,India
189100,Name100,User,Female,18,2024-01-06,Gold,Chennai,Tamil Nadu,India
997871,Name871,User,Male,40,2024-03-20,Platinum,Hyderabad,Telangana,India
229230,Name230,User,Male,26,2025-02-14,Bronze,Delhi,Delhi,India
735547,Name547,User,Male,26,2024-05-20,Silver,Bengaluru,Karnataka,India
638916,Name916,User,Male,67,2024-02-04,Silver,Mumbai,Maharashtra,India
698980,Name980,User,Female,18,2024-05-28,Silver,Bengaluru,Karnataka,India
495520,Name520,User,Male,69,2025-04-12,Gold,Mumbai,Maharashtra,India
284838,Name838,User,Female,37,2025-12-02,Bronze,Hyderabad,Telangana,India
263346,Name346,User,Female,68,2025-04-03,Bronze,Hyderabad,Telangana,India
362768,Name768,User,Male,35,2024-01-09,Bronze,Hyderabad,Telangana,India
547482,Name482,User,Female,21,2024-01-08,Bronze,Mumbai,Maharashtra,India
328189,Name189,User,Male,68,2025-10-14,Bronze,Hyderabad,Telangana,India
697182,Name182,User,Female,32,2025-08-30,Gold,Hyderabad,Telangana,India
854552,Name552,User,Female,29,2024-08-11,Bronze,Chennai,Tamil Nadu,India
894558,Name558,User,Female,23,2024-05-04,Gold,Bengaluru,Karnataka,India
920268,Name268,User,Male,31,2024-12-02,Silver,Chennai,Tamil Nadu,India
154665,Name665,User,Female,68,2025-12-23,Bronze,Chennai,Tamil Nadu,India
619072,Name072,User,Female,28,2024-07-04,Silver,Chennai,Tamil Nadu,India
814747,Name747,User,Male,61,2025-05-20,Silver,Bengaluru,Karnataka,India
512727,Name727,User,Female,31,2024-03-05,Bronze,Hyderabad,Telangana,India
851989,Name989,User,Female,43,2025-01-12,Silver,Bengaluru,Karnataka,India
767914,Name914,User,Male,30,2025-02-25,Bronze,Hyderabad,Telangana,India
464885,Name885,User,Female,62,2024-05-02,Bronze,Hyderabad,Telangana,India
502628,Name628,User,Male,37,2025-02-24,Silver,Mumbai,Maharashtra,India
640075,Name075,User,Male,35,2025-12-23,Silver,Delhi,Delhi,India
986534,Name534,User,Male,55,2024-11-13,Bronze,Mumbai,Maharashtra,India
272803,Name803,User,Female,58,2025-08-26,Bronze,Mumbai,Maharashtra,India
670659,Name659,User,Female,54,2024-09-10,Gold,Delhi,Delhi,India
865351,Name351,User,Male,27,2025-05-19,Gold,Hyderabad,Telangana,India
142686,Name686,User,Female,65,2025-01-19,Gold,Bengaluru,Karnataka,India
649636,Name636,User,Female,26,2025-12-02,Platinum,Chennai,Tamil Nadu,India
194793,Name793,User,Male,45,2025-05-13,Bronze,Chennai,Tamil Nadu,India
947190,Name190,User,Male,21,2025-12-24,Bronze,Bengaluru,Karnataka,India
367579,Name579,User,Female,33,2024-09-01,Silver,Mumbai,Maharashtra,India
758976,Name976,User,Female,53,2025-02-28,Bronze,Chennai,Tamil Nadu,India
205954,Name954,User,Male,32,2025-06-06,Silver,Delhi,Delhi,India
380521,Name521,User,Male,53,2024-04-02,Silver,Mumbai,Maharashtra,India
872703,Name703,User,Female,32,2025-01-04,Bronze,Delhi,Delhi,India
187786,Name786,User,Male,34,2025-02-26,Bronze,Delhi,Delhi,India
245884,Name884,User,Male,61,2025-04-14,Bronze,Mumbai,Maharashtra,India
913440,Name440,User,Female,37,2025-11-22,Platinum,Bengaluru,Karnataka,India
746869,Name869,User,Female,68,2025-01-29,Bronze,Hyderabad,Telangana,India
982828,Name828,User,Male,63,2024-04-18,Bronze,Mumbai,Maharashtra,India
791763,Name763,User,Male,58,2024-01-10,Bronze,Delhi,Delhi,India
819982,Name982,User,Male,39,2024-08-07,Gold,Mumbai,Maharashtra,India
834430,Name430,User,Female,47,2025-12-14,Silver,Bengaluru,Karnataka,India
185991,Name991,User,Male,62,2025-04-18,Bronze,Chennai,Tamil Nadu,India
566677,Name677,User,Male,37,2025-09-28,Bronze,Mumbai,Maharashtra,India
992307,Name307,User,Female,29,2025-10-19,Silver,Bengaluru,Karnataka,India
352696,Name696,User,Female,64,2025-04-19,Bronze,Hyderabad,Telangana,India
992339,Name339,User,Male,36,2024-10-01,Bronze,Hyderabad,Telangana,India
500926,Name926,User,Male,55,2025-12-10,Silver,Bengaluru,Karnataka,India
941704,Name704,User,Male,62,2025-04-02,Bronze,Mumbai,Maharashtra,India
553951,Name951,User,Male,64,2024-06-29,Platinum,Hyderabad,Telangana,India
516536,Name536,User,Female,41,2025-06-22,Bronze,Hyderabad,Telangana,India
272757,Name757,User,Male,20,2025-08-19,Silver,Mumbai,Maharashtra,India
441277,Name277,User,Female,59,2024-11-13,Bronze,Chennai,Tamil Nadu,India
559411,Name411,User,Male,63,2025-04-07,Bronze,Delhi,Delhi,India
232466,Name466,User,Female,45,2025-12-29,Bronze,Chennai,Tamil Nadu,India
752636,Name636,User,Female,31,2025-11-15,Bronze,Delhi,Delhi,India
611669,Name669,User,Female,61,2025-09-30,Bronze,Hyderabad,Telangana,India
322313,Name313,User,Female,22,2024-04-23,Gold,Bengaluru,Karnataka,India
224976,Name976,User,Female,51,2024-08-20,Silver,Hyderabad,Telangana,India
552209,Name209,User,Male,27,2024-06-09,Bronze,Bengaluru,Karnataka,India
729857,Name857,User,Female,19,2025-11-21,Bronze,Delhi,Delhi,India
659996,Name996,User,Male,22,2024-03-27,Bronze,Delhi,Delhi,India
528053,Name053,User,Female,68,2024-08-13,Bronze,Chennai,Tamil Nadu,India
223826,Name826,User,Female,18,2024-10-17,Platinum,Hyderabad,Telangana,India
792594,Name594,User,Female,36,2025-11-17,Bronze,Mumbai,Maharashtra,India
409828,Name828,User,Male,60,2025-11-29,Bronze,Hyderabad,Telangana,India
391160,Name160,User,Female,70,2025-03-19,Bronze,Delhi,Delhi,India
360273,Name273,User,Female,59,2024-11-21,Bronze,Mumbai,Maharashtra,India
497252,Name252,User,Female,20,2024-12-18,Bronze,Bengaluru,Karnataka,India
885988,Name988,User,Female,65,2024-10-07,Bronze,Delhi,Delhi,India
686546,Name546,User,Female,53,2024-04-01,Gold,Bengaluru,Karnataka,India
104203,Name203,User,Male,26,2025-01-27,Bronze,Mumbai,Maharashtra,India
299060,Name060,User,Male,36,2024-01-28,Silver,Hyderabad,Telangana,India
654028,Name028,User,Male,52,2025-10-15,Silver,Bengaluru,Karnataka,India
560086,Name086,User,Female,52,2025-04-20,Gold,Mumbai,Maharashtra,India
707212,Name212,User,Female,24,2024-05-07,Gold,Mumbai,Maharashtra,India
122056,Name056,User,Male,68,2025-01-27,Bronze,Chennai,Tamil Nadu,India
132304,Name304,User,Female,55,2024-02-03,Gold,Delhi,Delhi,India
758009,Name009,User,Female,30,2024-01-09,Bronze,Hyderabad,Telangana,India
735046,Name046,User,Female,45,2025-10-08,Silver,Hyderabad,Telangana,India
354006,Name006,User,Female,53,2025-06-12,Bronze,Hyderabad,Telangana,India
975909,Name909,User,Male,45,2024-06-06,Gold,Mumbai,Maharashtra,India
373045,Name045,User,Male,23,2025-04-12,Bronze,Bengaluru,Karnataka,India
316641,Name641,User,Female,69,2025-11-07,Bronze,Chennai,Tamil Nadu,India
281248,Name248,User,Female,28,2024-06-13,Bronze,Delhi,Delhi,India
398615,Name615,User,Male,65,2024-10-27,Silver,Mumbai,Maharashtra,India
255619,Name619,User,Female,54,2025-04-17,Gold,Mumbai,Maharashtra,India
668684,Name684,User,Female,41,2025-06-19,Silver,Hyderabad,Telangana,India
310184,Name184,User,Female,69,2024-06-27,Gold,Chennai,Tamil Nadu,India
386497,Name497,User,Male,29,2024-11-11,Bronze,Delhi,Delhi,India
426249,Name249,User,Male,67,2024-05-17,Silver,Delhi,Delhi,India
714190,Name190,User,Male,23,2025-05-11,Silver,Hyderabad,Telangana,India
894212,Name212,User,Female,57,2025-10-16,Silver,Hyderabad,Telangana,India
363069,Name069,User,Female,48,2024-10-13,Bronze,Chennai,Tamil Nadu,India
972787,Name787,User,Female,20,2024-10-07,Silver,Delhi,Delhi,India
816730,Name730,User,Female,31,2024-06-07,Gold,Delhi,Delhi,India
568080,Name080,User,Male,40,2025-12-26,Bronze,Hyderabad,Telangana,India
929518,Name518,User,Female,55,2025-11-27,Silver,Delhi,Delhi,India
947935,Name935,User,Female,27,2025-09-07,Silver,Hyderabad,Telangana,India
996626,Name626,User,Female,60,2024-03-15,Bronze,Mumbai,Maharashtra,India
276139,Name139,User,Male,70,2024-03-30,Gold,Mumbai,Maharashtra,India
671869,Name869,User,Female,21,2024-08-01,Platinum,Delhi,Delhi,India
474294,Name294,User,Female,61,2024-10-12,Silver,Hyderabad,Telangana,India
614650,Name650,User,Male,70,2025-12-03,Platinum,Bengaluru,Karnataka,India
540366,Name366,User,Male,40,2024-04-28,Bronze,Hyderabad,Telangana,India
997264,Name264,User,Male,18,2025-11-07,Bronze,Bengaluru,Karnataka,India
227716,Name716,User,Male,30,2024-03-10,Gold,Hyderabad,Telangana,India
906425,Name425,User,Female,50,2024-01-25,Bronze,Delhi,Delhi,India
319094,Name094,User,Female,60,2024-11-13,Silver,Chennai,Tamil Nadu,India
698259,Name259,User,Male,20,2024-10-22,Bronze,Hyderabad,Telangana,India
501873,Name873,User,Female,19,2024-05-31,Bronze,Mumbai,Maharashtra,India
314771,Name771,User,Female,68,2025-10-31,Platinum,Delhi,Delhi,India
397845,Name845,User,Female,49,2024-07-15,Gold,Chennai,Tamil Nadu,India
949935,Name935,User,Female,19,2025-10-20,Gold,Delhi,Delhi,India
213392,Name392,User,Male,33,2025-08-29,Silver,Delhi,Delhi,India
946776,Name776,User,Male,70,2024-07-19,Silver,Mumbai,Maharashtra,India
125323,Name323,User,Female,70,2024-04-07,Bronze,Delhi,Delhi,India
223806,Name806,User,Female,70,2024-10-31,Silver,Delhi,Delhi,India
696963,Name963,User,Male,37,2025-06-30,Platinum,Bengaluru,Karnataka,India
883564,Name564,User,Male,67,2024-08-01,Bronze,Bengaluru,Karnataka,India
113857,Name857,User,Male,69,2025-02-08,Bronze,Mumbai,Maharashtra,India
671774,Name774,User,Female,62,2025-04-25,Bronze,Mumbai,Maharashtra,India
410811,Name811,User,Male,48,2025-07-15,Gold,Delhi,Delhi,India
806649,Name649,User,Male,26,2025-03-19,Silver,Delhi,Delhi,India
898035,Name035,User,Female,49,2024-08-21,Bronze,Delhi,Delhi,India
859500,Name500,User,Female,22,2025-12-13,Bronze,Mumbai,Maharashtra,India
780928,Name928,User,Female,65,2025-02-20,Bronze,Hyderabad,Telangana,India
243229,Name229,User,Female,41,2024-02-10,Bronze,Hyderabad,Telangana,India
178835,Name835,User,Male,70,2025-06-14,Silver,Bengaluru,Karnataka,India
624677,Name677,User,Female,30,2024-12-01,Bronze,Mumbai,Maharashtra,India
491881,Name881,User,Male,30,2025-01-28,Bronze,Mumbai,Maharashtra,India
700391,Name391,User,Female,32,2024-01-29,Silver,Bengaluru,Karnataka,India
944605,Name605,User,Female,37,2024-07-04,Silver,Delhi,Delhi,India
426370,Name370,User,Male,40,2024-06-07,Silver,Mumbai,Maharashtra,India
558405,Name405,User,Female,47,2025-12-03,Gold,Hyderabad,Telangana,India
627467,Name467,User,Female,21,2024-03-25,Bronze,Delhi,Delhi,India
810161,Name161,User,Female,26,2025-01-22,Bronze,Delhi,Delhi,India
474151,Name151,User,Male,20,2025-07-14,Bronze,Bengaluru,Karnataka,India
895460,Name460,User,Female,36,2025-12-20,Bronze,Chennai,Tamil Nadu,India
654061,Name061,User,Female,18,2024-04-27,Bronze,Bengaluru,Karnataka,India
439411,Name411,User,Male,60,2025-06-07,Bronze,Bengaluru,Karnataka,India
100885,Name885,User,Female,38,2025-12-22,Bronze,Mumbai,Maharashtra,India
229919,Name919,User,Male,28,2025-06-07,Bronze,Hyderabad,Telangana,India
563800,Name800,User,Male,38,2024-07-25,Silver,Bengaluru,Karnataka,India
852843,Name843,User,Male,44,2025-03-07,Silver,Chennai,Tamil Nadu,India
571389,Name389,User,Male,23,2024-09-21,Bronze,Chennai,Tamil Nadu,India
467224,Name224,User,Male,47,2025-03-11,Bronze,Bengaluru,Karnataka,India
419605,Name605,User,Male,27,2025-02-25,Bronze,Bengaluru,Karnataka,India
665492,Name492,User,Female,51,2024-02-15,Bronze,Chennai,Tamil Nadu,India
518804,Name804,User,Female,47,2024-04-20,Silver,Bengaluru,Karnataka,India
455850,Name850,User,Female,19,2024-09-25,Silver,Hyderabad,Telangana,India
921126,Name126,User,Female,38,2025-06-02,Bronze,Bengaluru,Karnataka,India
866649,Name649,User,Male,31,2024-11-19,Silver,Chennai,Tamil Nadu,India
816610,Name610,User,Female,65,2025-02-26,Silver,Delhi,Delhi,India
699172,Name172,User,Male,51,2025-05-22,Gold,Delhi,Delhi,India
616213,Name213,User,Male,45,2025-01-09,Gold,Chennai,Tamil Nadu,India
218589,Name589,User,Female,43,2025-09-18,Bronze,Delhi,Delhi,India
779129,Name129,User,Female,53,2024-03-20,Silver,Bengaluru,Karnataka,India
495898,Name898,User,Male,31,2025-09-15,Silver,Mumbai,Maharashtra,India
500960,Name960,User,Female,50,2024-05-31,Silver,Bengaluru,Karnataka,India
313819,Name819,User,Male,45,2024-02-16,Bronze,Delhi,Delhi,India
683939,Name939,User,Female,64,2025-01-04,Bronze,Bengaluru,Karnataka,India
104063,Name063,User,Female,43,2025-05-02,Bronze,Bengaluru,Karnataka,India
391106,Name106,User,Female,27,2024-05-15,Silver,Bengaluru,Karnataka,India
766404,Name404,User,Female,45,2025-08-14,Bronze,Bengaluru,Karnataka,India
727220,Name220,User,Female,51,2025-05-20,Bronze,Mumbai,Maharashtra,India
857373,Name373,User,Female,27,2025-10-25,Silver,Delhi,Delhi,India
874441,Name441,User,Male,39,2024-03-12,Silver,Delhi,Delhi,India
969711,Name711,User,Female,28,2025-03-06,Silver,Chennai,Tamil Nadu,India
863762,Name762,User,Female,32,2025-09-23,Bronze,Bengaluru,Karnataka,India
635780,Name780,User,Female,23,2024-09-26,Bronze,Hyderabad,Telangana,India
308540,Name540,User,Female,70,2024-02-16,Bronze,Hyderabad,Telangana,India
584002,Name002,User,Male,38,2024-05-31,Bronze,Hyderabad,Telangana,India
730018,Name018,User,Male,25,2024-11-25,Bronze,Hyderabad,Telangana,India
975134,Name134,User,Female,51,2024-06-07,Gold,Chennai,Tamil Nadu,India
642022,Name022,User,Male,30,2025-12-22,Bronze,Delhi,Delhi,India
528831,Name831,User,Female,36,2024-02-07,Bronze,Bengaluru,Karnataka,India
880801,Name801,User,Male,54,2024-11-23,Bronze,Delhi,Delhi,India
846721,Name721,User,Male,37,2025-03-18,Bronze,Bengaluru,Karnataka,India
420168,Name168,User,Female,70,2025-11-28,Silver,Hyderabad,Telangana,India
837035,Name035,User,Female,20,2024-10-22,Bronze,Mumbai,Maharashtra,India
278585,Name585,User,Male,56,2024-09-21,Bronze,Chennai,Tamil Nadu,India
571217,Name217,User,Male,43,2025-04-16,Bronze,Bengaluru,Karnataka,India
750152,Name152,User,Female,27,2025-05-19,Bronze,Bengaluru,Karnataka,India
801330,Name330,User,Female,38,2024-01-08,Platinum,Hyderabad,Telangana,India
656747,Name747,User,Male,26,2024-11-17,Bronze,Hyderabad,Telangana,India
306948,Name948,User,Male,36,2024-12-18,Bronze,Hyderabad,Telangana,India
476881,Name881,User,Male,56,2025-04-10,Silver,Delhi,Delhi,India
651750,Name750,User,Female,48,2025-01-08,Bronze,Hyderabad,Telangana,India
103690,Name690,User,Male,40,2024-02-26,Bronze,Mumbai,Maharashtra,India
811509,Name509,User,Female,39,2024-05-25,Gold,Hyderabad,Telangana,India
508066,Name066,User,Female,49,2025-05-13,Bronze,Mumbai,Maharashtra,India
707488,Name488,User,Male,49,2025-09-03,Bronze,Hyderabad,Telangana,India
546556,Name556,User,Male,63,2025-08-08,Gold,Chennai,Tamil Nadu,India
524937,Name937,User,Female,23,2024-05-28,Gold,Delhi,Delhi,India
452332,Name332,User,Male,45,2025-07-24,Bronze,Hyderabad,Telangana,India
751820,Name820,User,Male,53,2025-11-26,Silver,Delhi,Delhi,India
712817,Name817,User,Male,59,2024-12-04,Bronze,Mumbai,Maharashtra,India
869477,Name477,User,Female,44,2025-11-30,Bronze,Chennai,Tamil Nadu,India
833482,Name482,User,Female,37,2025-03-22,Gold,Hyderabad,Telangana,India
885145,Name145,User,Male,47,2025-09-10,Bronze,Hyderabad,Telangana,India
171036,Name036,User,Female,35,2025-10-03,Gold,Mumbai,Maharashtra,India
616635,Name635,User,Male,24,2024-06-19,Silver,Bengaluru,Karnataka,India
881994,Name994,User,Male,38,2024-12-12,Bronze,Mumbai,Maharashtra,India
359660,Name660,User,Female,57,2024-01-18,Bronze,Hyderabad,Telangana,India
771461,Name461,User,Female,25,2025-11-26,Bronze,Chennai,Tamil Nadu,India
780258,Name258,User,Male,33,2025-06-01,Bronze,Mumbai,Maharashtra,India
405016,Name016,User,Female,26,2024-10-22,Silver,Hyderabad,Telangana,India
760262,Name262,User,Male,53,2024-05-24,Silver,Chennai,Tamil Nadu,India
121785,Name785,User,Male,64,2024-07-22,Gold,Chennai,Tamil Nadu,India
526769,Name769,User,Female,53,2025-04-13,Silver,Delhi,Delhi,India
856321,Name321,User,Female,51,2024-01-01,Platinum,Hyderabad,Telangana,India
759829,Name829,User,Female,35,2025-09-25,Gold,Delhi,Delhi,India
263666,Name666,User,Female,24,2025-06-09,Gold,Mumbai,Maharashtra,India
764516,Name516,User,Female,34,2024-05-12,Gold,Delhi,Delhi,India
916691,Name691,User,Female,34,2024-05-04,Gold,Hyderabad,Telangana,India
516617,Name617,User,Female,43,2025-03-28,Bronze,Mumbai,Maharashtra,India
920483,Name483,User,Female,49,2025-01-20,Silver,Chennai,Tamil Nadu,India
383386,Name386,User,Female,38,2024-08-24,Bronze,Mumbai,Maharashtra,India
987376,Name376,User,Male,63,2024-07-02,Silver,Bengaluru,Karnataka,India
286804,Name804,User,Male,27,2025-04-15,Gold,Mumbai,Maharashtra,India
904781,Name781,User,Male,58,2024-10-12,Silver,Mumbai,Maharashtra,India
176978,Name978,User,Male,32,2024-02-14,Bronze,Bengaluru,Karnataka,India
954931,Name931,User,Female,56,2024-10-15,Gold,Hyderabad,Telangana,India
913776,Name776,User,Female,48,2024-06-01,Bronze,Mumbai,Maharashtra,India
734873,Name873,User,Female,22,2024-09-19,Gold,Delhi,Delhi,India
110620,Name620,User,Female,65,2024-07-04,Bronze,Hyderabad,Telangana,India
466424,Name424,User,Male,70,2024-12-31,Silver,Hyderabad,Telangana,India
377435,Name435,User,Male,68,2025-07-07,Silver,Delhi,Delhi,India
937075,Name075,User,Female,57,2024-05-08,Gold,Delhi,Delhi,India
842412,Name412,User,Male,39,2024-12-17,Bronze,Hyderabad,Telangana,India
531111,Name111,User,Male,30,2024-09-20,Bronze,Mumbai,Maharashtra,India
818308,Name308,User,Male,59,2024-02-07,Gold,Mumbai,Maharashtra,India
670684,Name684,User,Male,51,2025-10-19,Bronze,Bengaluru,Karnataka,India
418419,Name419,User,Male,30,2024-07-01,Gold,Mumbai,Maharashtra,India
259456,Name456,User,Male,28,2025-03-26,Platinum,Hyderabad,Telangana,India
584516,Name516,User,Female,57,2025-05-29,Bronze,Mumbai,Maharashtra,India
973437,Name437,User,Male,52,2025-09-22,Silver,Bengaluru,Karnataka,India
371949,Name949,User,Male,46,2025-05-18,Bronze,Delhi,Delhi,India
608080,Name080,User,Male,60,2024-11-09,Gold,Bengaluru,Karnataka,India
277861,Name861,User,Female,58,2025-03-05,Bronze,Delhi,Delhi,India
589792,Name792,User,Male,41,2025-05-28,Bronze,Mumbai,Maharashtra,India
635116,Name116,User,Male,20,2024-02-05,Bronze,Bengaluru,Karnataka,India
147592,Name592,User,Male,64,2024-10-25,Bronze,Delhi,Delhi,India
383975,Name975,User,Female,39,2025-08-24,Bronze,Chennai,Tamil Nadu,India
635068,Name068,User,Female,63,2024-04-01,Silver,Delhi,Delhi,India
203421,Name421,User,Female,30,2025-04-17,Bronze,Delhi,Delhi,India
880924,Name924,User,Male,33,2024-08-26,Bronze,Bengaluru,Karnataka,India
719326,Name326,User,Female,51,2025-01-13,Bronze,Mumbai,Maharashtra,India
543125,Name125,User,Female,33,2025-07-23,Bronze,Chennai,Tamil Nadu,India
173142,Name142,User,Male,28,2025-02-20,Bronze,Bengaluru,Karnataka,India
472430,Name430,User,Male,23,2025-03-20,Bronze,Delhi,Delhi,India
170253,Name253,User,Male,37,2024-09-19,Silver,Delhi,Delhi,India
788750,Name750,User,Female,42,2024-04-30,Bronze,Chennai,Tamil Nadu,India
563977,Name977,User,Female,48,2025-11-05,Gold,Bengaluru,Karnataka,India
120700,Name700,User,Female,27,2025-10-04,Bronze,Delhi,Delhi,India
272111,Name111,User,Male,60,2025-02-16,Bronze,Delhi,Delhi,India
631799,Name799,User,Male,31,2025-01-17,Bronze,Mumbai,Maharashtra,India
844744,Name744,User,Male,21,2025-12-27,Bronze,Bengaluru,Karnataka,India
269478,Name478,User,Female,50,2024-08-06,Gold,Hyderabad,Telangana,India
823986,Name986,User,Female,57,2024-06-08,Bronze,Bengaluru,Karnataka,India
197573,Name573,User,Male,39,2024-11-16,Bronze,Bengaluru,Karnataka,India
521447,Name447,User,Female,31,2025-03-06,Silver,Mumbai,Maharashtra,India
766865,Name865,User,Male,42,2024-01-30,Bronze,Chennai,Tamil Nadu,India
822372,Name372,User,Female,57,2025-06-12,Bronze,Hyderabad,Telangana,India
389192,Name192,User,Male,66,2025-12-03,Silver,Delhi,Delhi,India
734382,Name382,User,Female,48,2025-01-22,Silver,Delhi,Delhi,India
419189,Name189,User,Female,53,2024-01-10,Silver,Bengaluru,Karnataka,India
319036,Name036,User,Female,19,2025-01-25,Silver,Chennai,Tamil Nadu,India
653745,Name745,User,Male,28,2025-09-17,Bronze,Hyderabad,Telangana,India
317797,Name797,User,Male,63,2025-05-04,Bronze,Hyderabad,Telangana,India
348757,Name757,User,Female,23,2025-07-31,Bronze,Mumbai,Maharashtra,India
450167,Name167,User,Female,57,2025-11-26,Silver,Bengaluru,Karnataka,India
382139,Name139,User,Female,63,2025-11-12,Silver,Bengaluru,Karnataka,India
171884,Name884,User,Male,44,2024-05-20,Silver,Bengaluru,Karnataka,India
178522,Name522,User,Male,33,2024-07-11,Silver,Hyderabad,Telangana,India
833159,Name159,User,Female,29,2024-04-21,Platinum,Chennai,Tamil Nadu,India
971028,Name028,User,Female,21,2025-06-09,Bronze,Delhi,Delhi,India
648612,Name612,User,Female,40,2025-11-06,Silver,Chennai,Tamil Nadu,India
790786,Name786,User,Female,67,2025-01-24,Bronze,Delhi,Delhi,India
486094,Name094,User,Male,40,2025-10-03,Platinum,Hyderabad,Telangana,India
590667,Name667,User,Female,50,2025-03-04,Bronze,Mumbai,Maharashtra,India
636366,Name366,User,Male,47,2025-04-23,Silver,Bengaluru,Karnataka,India
684739,Name739,User,Male,68,2025-06-24,Bronze,Bengaluru,Karnataka,India
872512,Name512,User,Female,63,2025-04-21,Gold,Delhi,Delhi,India
152158,Name158,User,Male,27,2024-09-03,Silver,Hyderabad,Telangana,India
276741,Name741,User,Male,35,2025-01-08,Bronze,Mumbai,Maharashtra,India
